[{"tag":{"S":"CDEiWxBtVXq-MrnvDW5dM/_N_T_/layout"},"path":{"S":"CDEiWxBtVXq-MrnvDW5dM/favicon.ico"},"revalidatedAt":{"N":"1"}},{"tag":{"S":"CDEiWxBtVXq-MrnvDW5dM/_N_T_/favicon.ico/layout"},"path":{"S":"CDEiWxBtVXq-MrnvDW5dM/favicon.ico"},"revalidatedAt":{"N":"1"}},{"tag":{"S":"CDEiWxBtVXq-MrnvDW5dM/_N_T_/favicon.ico/route"},"path":{"S":"CDEiWxBtVXq-MrnvDW5dM/favicon.ico"},"revalidatedAt":{"N":"1"}},{"tag":{"S":"CDEiWxBtVXq-MrnvDW5dM/_N_T_/favicon.ico"},"path":{"S":"CDEiWxBtVXq-MrnvDW5dM/favicon.ico"},"revalidatedAt":{"N":"1"}}]